{
  "phase1": {
    "accuracy": [
      0.7053139805793762,
      0.7820719480514526,
      0.7815351486206055,
      0.8454106450080872,
      0.8158883452415466,
      0.8384326100349426,
      0.8443371057510376,
      0.8459473848342896,
      0.8486312627792358,
      0.856145977973938,
      0.8550724387168884,
      0.8480944633483887,
      0.8400429487228394,
      0.8459473848342896,
      0.8389694094657898
    ],
    "loss": [
      1.4565889835357666,
      1.3025884628295898,
      1.1635421514511108,
      1.0467612743377686,
      0.9585263729095459,
      0.8949758410453796,
      0.8376569747924805,
      0.8066319823265076,
      0.772311270236969,
      0.7434488534927368,
      0.7270119190216064,
      0.6943655014038086,
      0.6941307783126831,
      0.6598420739173889,
      0.6483572721481323
    ],
    "val_accuracy": [
      0.664160430431366,
      0.7794486284255981,
      0.7819548845291138,
      0.8345864415168762,
      0.7794486284255981,
      0.7844611406326294,
      0.8020049929618835,
      0.8120300769805908,
      0.8095238208770752,
      0.8195488452911377,
      0.786967396736145,
      0.7744361162185669,
      0.791979968547821,
      0.8220551609992981,
      0.7543859481811523
    ],
    "val_loss": [
      2.059476137161255,
      1.3560243844985962,
      1.419765830039978,
      1.421685814857483,
      2.0547752380371094,
      1.005248785018921,
      0.8417555689811707,
      0.7912310361862183,
      0.8412045240402222,
      0.7557011246681213,
      0.8808164000511169,
      0.7523123621940613,
      0.7250668406486511,
      0.6490201354026794,
      0.7700759172439575
    ],
    "learning_rate": [
      0.0010000000474974513,
      0.0010000000474974513,
      0.0010000000474974513,
      0.0010000000474974513,
      0.0010000000474974513,
      0.0005000000237487257,
      0.0005000000237487257,
      0.0005000000237487257,
      0.0005000000237487257,
      0.0005000000237487257,
      0.0005000000237487257,
      0.0005000000237487257,
      0.0005000000237487257,
      0.0005000000237487257,
      0.0005000000237487257
    ]
  },
  "phase2": {
    "accuracy": [
      0.8593665957450867,
      0.8588298559188843,
      0.8513150811195374,
      0.850778341293335,
      0.8609769344329834,
      0.8550724387168884,
      0.8599033951759338,
      0.8513150811195374,
      0.8475577235221863,
      0.8491680026054382,
      0.856145977973938,
      0.8513150811195374,
      0.8438003063201904,
      0.8513150811195374,
      0.8582930564880371,
      0.8438003063201904,
      0.84487384557724,
      0.854535698890686,
      0.8470209240913391,
      0.8427267670631409,
      0.8427267670631409,
      0.8518518805503845
    ],
    "loss": [
      0.6485693454742432,
      0.6306663155555725,
      0.6390466094017029,
      0.627293050289154,
      0.6201460957527161,
      0.6327155232429504,
      0.6267890334129333,
      0.6229256987571716,
      0.6450050473213196,
      0.6212753653526306,
      0.6376315355300903,
      0.6141158938407898,
      0.6242732405662537,
      0.6072092056274414,
      0.6122047901153564,
      0.6125682592391968,
      0.6131893992424011,
      0.6145882606506348,
      0.6175179481506348,
      0.623302161693573,
      0.6215395927429199,
      0.6050626635551453
    ],
    "val_accuracy": [
      0.8095238208770752,
      0.8170425891876221,
      0.8045112490653992,
      0.8070175647735596,
      0.7969924807548523,
      0.7944862246513367,
      0.7944862246513367,
      0.7944862246513367,
      0.791979968547821,
      0.791979968547821,
      0.791979968547821,
      0.791979968547821,
      0.791979968547821,
      0.7894737124443054,
      0.7894737124443054,
      0.7894737124443054,
      0.7894737124443054,
      0.7894737124443054,
      0.7894737124443054,
      0.7894737124443054,
      0.7894737124443054,
      0.791979968547821
    ],
    "val_loss": [
      0.6612291932106018,
      0.6756056547164917,
      0.6905936598777771,
      0.6941229104995728,
      0.7035356760025024,
      0.7108079195022583,
      0.7088667154312134,
      0.7081993818283081,
      0.7133482098579407,
      0.7178977131843567,
      0.7188175320625305,
      0.7183133363723755,
      0.7241251468658447,
      0.7206244468688965,
      0.7237764596939087,
      0.7222067713737488,
      0.7219751477241516,
      0.725389838218689,
      0.7285738587379456,
      0.727375328540802,
      0.7234747409820557,
      0.7231647968292236
    ],
    "learning_rate": [
      9.999999747378752e-06,
      9.999999747378752e-06,
      9.999999747378752e-06,
      9.999999747378752e-06,
      9.999999747378752e-06,
      9.999999747378752e-06,
      9.999999747378752e-06,
      4.999999873689376e-06,
      4.999999873689376e-06,
      4.999999873689376e-06,
      4.999999873689376e-06,
      4.999999873689376e-06,
      4.999999873689376e-06,
      2.499999936844688e-06,
      2.499999936844688e-06,
      2.499999936844688e-06,
      2.499999936844688e-06,
      2.499999936844688e-06,
      2.499999936844688e-06,
      1.249999968422344e-06,
      1.249999968422344e-06,
      1.249999968422344e-06
    ]
  }
}